<?xml version="1.0" encoding="UTF-8"?>
<project-private xmlns="http://www.netbeans.org/ns/project-private/1">
    <editor-bookmarks xmlns="http://www.netbeans.org/ns/editor-bookmarks/2" lastBookmarkId="1">
        <file>
            <url>src/addressbook/AddressBookController.java</url>
            <bookmark id="1">
                <name/>
                <line>120</line>
                <key/>
            </bookmark>
        </file>
    </editor-bookmarks>
    <open-files xmlns="http://www.netbeans.org/ns/projectui-open-files/2">
        <group>
            <file>file:/C:/Users/Zoizer/Desktop/Chalmers/Termin%206/DAT216/Lab1/resources%20(fx)%20v1.1/AddressBook/src/addressbook/AddressBook.java</file>
            <file>file:/C:/Users/Zoizer/Desktop/Chalmers/Termin%206/DAT216/Lab1/resources%20(fx)%20v1.1/AddressBook/src/addressbook/AddressBookController.java</file>
            <file>file:/C:/Users/Zoizer/Desktop/Chalmers/Termin%206/DAT216/Lab1/resources%20(fx)%20v1.1/AddressBook/src/addressbook/AddressBookAboutController.java</file>
            <file>file:/C:/Users/Zoizer/Desktop/Chalmers/Termin%206/DAT216/Lab1/resources%20(fx)%20v1.1/AddressBook/src/addressbook/resources/AddressBook_sv_SE.properties</file>
            <file>file:/C:/Users/Zoizer/Desktop/Chalmers/Termin%206/DAT216/Lab1/resources%20(fx)%20v1.1/AddressBook/src/addressbook/resources/AddressBook_en_US.properties</file>
            <file>file:/C:/Users/Zoizer/Desktop/Chalmers/Termin%206/DAT216/Lab1/resources%20(fx)%20v1.1/AddressBook/src/addressbook/address_book.fxml</file>
            <file>file:/C:/Users/Zoizer/Desktop/Chalmers/Termin%206/DAT216/Lab1/resources%20(fx)%20v1.1/AddressBook/src/addressbook/address_book_about.fxml</file>
        </group>
    </open-files>
</project-private>
