<?xml version="1.0" encoding="UTF-8"?>
<project-private xmlns="http://www.netbeans.org/ns/project-private/1">
    <editor-bookmarks xmlns="http://www.netbeans.org/ns/editor-bookmarks/2" lastBookmarkId="1">
        <file>
            <url>src/addressbook/AddressBookController.java</url>
            <bookmark id="1">
                <name/>
                <line>55</line>
                <key/>
            </bookmark>
        </file>
    </editor-bookmarks>
    <open-files xmlns="http://www.netbeans.org/ns/projectui-open-files/2">
        <group>
            <file>file:/C:/Users/Zoizer/Desktop/Chalmers/Termin%206/DAT216/Lab3/RecipeSearch/src/recipesearch/recipe_search.css</file>
            <file>file:/C:/Users/Zoizer/Desktop/Chalmers/Termin%206/DAT216/Lab3/RecipeSearch/src/recipesearch/resources/icon_flag_sweden.png</file>
            <file>file:/C:/Users/Zoizer/Desktop/Chalmers/Termin%206/DAT216/Lab3/RecipeSearch/src/recipesearch/RecipeListItem.java</file>
            <file>file:/C:/Users/Zoizer/Desktop/Chalmers/Termin%206/DAT216/Lab3/RecipeSearch/src/recipesearch/resources/icon_close_hover.png</file>
            <file>file:/C:/Users/Zoizer/Desktop/Chalmers/Termin%206/DAT216/Lab3/RecipeSearch/src/recipesearch/resources/icon_difficulty_medium.png</file>
            <file>file:/C:/Users/Zoizer/Desktop/Chalmers/Termin%206/DAT216/Lab3/RecipeSearch/src/recipesearch/recipe_search.fxml</file>
            <file>file:/C:/Users/Zoizer/Desktop/Chalmers/Termin%206/DAT216/Lab3/RecipeSearch/src/recipesearch/resources/icon_main_meat.png</file>
            <file>file:/C:/Users/Zoizer/Desktop/Chalmers/Termin%206/DAT216/Lab3/RecipeSearch/src/recipesearch/resources/icon_close_pressed.png</file>
            <file>file:/C:/Users/Zoizer/Desktop/Chalmers/Termin%206/DAT216/Lab3/RecipeSearch/src/recipesearch/resources/icon_flag_africa.png</file>
            <file>file:/C:/Users/Zoizer/Desktop/Chalmers/Termin%206/DAT216/Lab3/RecipeSearch/src/recipesearch/resources/icon_difficulty_hard.png</file>
            <file>file:/C:/Users/Zoizer/Desktop/Chalmers/Termin%206/DAT216/Lab3/RecipeSearch/src/recipesearch/RecipeSearchController.java</file>
            <file>file:/C:/Users/Zoizer/Desktop/Chalmers/Termin%206/DAT216/Lab3/RecipeSearch/src/recipesearch/RecipeSearch.java</file>
            <file>file:/C:/Users/Zoizer/Desktop/Chalmers/Termin%206/DAT216/Lab3/RecipeSearch/src/recipesearch/RecipeBackendController.java</file>
            <file>file:/C:/Users/Zoizer/Desktop/Chalmers/Termin%206/DAT216/Lab3/RecipeSearch/src/recipesearch/resources/logo.png</file>
            <file>file:/C:/Users/Zoizer/Desktop/Chalmers/Termin%206/DAT216/Lab3/RecipeSearch/src/recipesearch/recipe_listitem.fxml</file>
            <file>file:/C:/Users/Zoizer/Desktop/Chalmers/Termin%206/DAT216/Lab3/RecipeSearch/src/recipesearch/resources/icon_time.png</file>
            <file>file:/C:/Users/Zoizer/Desktop/Chalmers/Termin%206/DAT216/Lab3/RecipeSearch/src/recipesearch/resources/icon_main_veg.png</file>
            <file>file:/C:/Users/Zoizer/Desktop/Chalmers/Termin%206/DAT216/Lab3/RecipeSearch/src/recipesearch/resources/icon_difficulty_easy.png</file>
            <file>file:/C:/Users/Zoizer/Desktop/Chalmers/Termin%206/DAT216/Lab3/RecipeSearch/src/recipesearch/resources/icon_main_chicken.png</file>
            <file>file:/C:/Users/Zoizer/Desktop/Chalmers/Termin%206/DAT216/Lab3/RecipeSearch/src/recipesearch/resources/icon_main_beef.png</file>
            <file>file:/C:/Users/Zoizer/Desktop/Chalmers/Termin%206/DAT216/Lab3/RecipeSearch/src/recipesearch/resources/icon_close.png</file>
        </group>
    </open-files>
</project-private>
